start transaction;
insert into Books values ('Q23-Com-0', 'Gangadhar Returns', 'Q23', 150, 5);
insert into Authors values ('Com-0', 'Kishore', 'Comedy' );
insert into Writes values ('Q23-Com-0', 'Com-0');
commit;
start transaction;
insert into Books values ('A01-Sci-1', 'Batman VS Shaktiman', 'A01', 300, 100);
insert into Authors values ('Sci-0', 'Charles Xavier', 'Sci-fi' );
insert into Writes values ('A01-Sci-1', 'Sci-0');
commit;
start transaction;
insert into Books values ('B01-Com-2', 'Road To Success', 'B01', 500, 5);
insert into Authors values ('Com-2', 'Rahul Gandhi', 'Comedy' );
insert into Writes values ('B01-Com-2', 'Com-2');
commit;
start transaction;
insert into Books values ('Z01-Edu-3', 'F.L.A.T.', 'Z01', 5000, 2);
insert into Authors values ('Edu-3', 'Peter Linz', 'Education' );
insert into Writes values ('Z01-Edu-3', 'Edu-3');
commit;
start transaction;
insert into Books values ('B55-Aut-4', 'Adventures of Gopinath', 'B55', 20, 50);
insert into Authors values ('Aut-4', 'Gopinath', 'Auto-bio' );
insert into Writes values ('B55-Aut-4', 'Aut-4');
commit;
start transaction;
insert into Books values ('C68-Edu-5', 'Strength Of Materials', 'C68', 350, 8);
insert into Authors values ('Edu-5', 'Robert Downey Jr.', 'Education' );
insert into Writes values ('C68-Edu-5', 'Edu-5');
commit;
start transaction;
insert into Books values ('H01-Edu-6', 'Biomolecular Chemistry', 'H01', 6000, 1);
insert into Authors values ('Edu-6', 'Bruce Banner', 'Education' );
insert into Writes values ('H01-Edu-6', 'Edu-6');
commit;
start transaction;
insert into Books values ('C45-Res-7', 'Chotta Bheem', 'C45', 70, 54);
insert into Authors values ('Res-7', 'Hari Lal', 'Research' );
insert into Writes values ('C45-Res-7', 'Res-7');
commit;
start transaction;
insert into Books values ('S01-Rom-8', 'Fifty Shades of Grey', 'S01', 700, 69);
insert into Authors values ('Rom-8', 'John Cena', 'Romance' );
insert into Writes values ('S01-Rom-8', 'Rom-8');
commit;
start transaction;
insert into Books values ('000-Aut-9', 'Dare To Zlatan', '000', 9001, 0);
insert into Authors values ('Aut-9', 'Zlatan Ibrahimovic', 'Auto-bio' );
insert into Writes values ('000-Aut-9', 'Aut-9');
commit;